"partido,""discurso"""
"DEM,""congressista encerrando periodo orcamento antecede execucao despedindo orcamento concedida arthur virgilio indicacao alberto goldman ascendeu exercido funcao ora ocupo realizamo passamo madrugada iniciamo manha encerramo orcamento necessarias futuro possa exercer plenamente orcamento fundo combate erradicacao pobreza combate fome reajuste salario minimo gasto garantido salario minimo chegue virgilio guimarao salario minimo urvs transformaram vale periodo salario minimo cresceu comemorar receber premio melhoria humano melhoria fruto colocado crianca escola reduzido mortalidade infantil implantado bolsaescola bolsaalimentacao combate aids modelo executado exministro serra despedida repetira deixar companhia mista orcamento sergio machado convivencia presidiu coser atuante permitiu compreensao cumprir sistematicamente ldo orcamento santo filho construiu influencia orcamento operoso konder rel idoso assiduo jamal perdia reuniao chegava comecar saia combativo realmente ditava regra exigia cumprimento norma deixarao lembrado realizaram externar agradecimento periodo pude arnaldo madeira iniciou convidandome vicelider aleluia valle vicepresidente equipe tecnica permitiu avancar espero permita novamente defendendo interesse ppb decidirse entendo deveria esquerda capacidade determinacao combativo sergio miranda icone orcamento defender defendiamo acirrado produziram mudanca varias cito possibilitou reducao capacidade remanejamento passou valoriza elogios sergio machado aleluia equipe orcamento despecome honrou espero correspondido expectativa"""
"DEM,""virg guimar inicialmente cumprimentar orcamento refere discutindo orcamento conviver vicepresidente orcamento votaremo concebido atual emendado resultado chegou economia precisa alterada dificil considerandose atual modelo economico elaborar orcamento urgente alterar premissa economico estaremo discutindo plano plurianual tracara diretriz orcamento anual desenvolver participacao popular diferente orcamento participativo ambito urgente participe escolha diretriz estarao consubstanciada ppa orcamento participativo comeca premissa modelo rumo trilhar variavel encontra variavel considerada longo orcamento dado elemento imutavel considerado variavel exatamente programacao medio longo faremo plano plurianual orcamento diretriz atual modelo economico plano plurianual estabelecido fechada represente reflete participacao popular extremamente limitada tarefa buscar ajustar orcamento reclame nacao conforme expressou urna optou mudanca elegeu desafios curto execucao fome agricultura enfraquecida coragem determinacao impos desafio abastecimento aumento producao agricola alimentar participar historico frente desafio realizar arrojado habitacao popular exige producao material construcao preco solucao equilibrada salario minimo encontraremo salario minimo suportavel cofr eleve aquisitivo votaremo orcamento neoliberal democratico marca"""
"DEM,""congressista apreciar orcamento uniao exercicio nortear acao futuro inacio silva trago reflexao contribuido negativamente formacao academica profissional medico comeco cientifico medicina atendimento estrutura hospital universitarios espalhado inteiro sofrendo duramente aproveito exatamente permitir luz orcamento reflitamo peca orcamentaria contexto hospital universitarios estrutura destruida longo ideia passado destinado hospital universitarios inteiro aproximadamente orcamento bahia recebeu insuficiente sustentacao operacao unidade suma atender lamentavelmente superar grave hospital universitarios alvo terceirizacao especifico bahia permitindo instituicao utilizasse estrutura vender atendimento medico ora falado autonomia instituicao hospital universitarios universidade tarefa hospital universitarios vender pir mao obter dirigente instituicao deveriam preocupado administracao dotala estrutura combine funcao escola formacao academica pesquisa atendimento socorrer hospital universitarios precisam agir orcamento uniao podese possibilidade carrear instituicao escassez hospital universitarios enfrentam cito bahia seriissimo malversacao desvio corrupcao auditoria concluida patrocinada saude aponta erro gestao malversacao hospital tomei iniciativa provocar possa acompanhar punir rigorosamente adotaram pratica suscitada terceirizacao estrutura destinamse buscar realidade hospital quadro pessoal alberto goldman equipamento adquirido orcamento pessoal atender dirigir unidade deixo preocupacao instituicao merecem congressista atencao canalizacao funcionamento inteiro"""
"DEM,""grand congressista transcurso aniversario dourado atencao agricultura familiar bandeira luta empunhada varias decada mim laerte tetila wilson biasotto margarida gaigher elias ishy vicegovernador eleito egon krakhecke popular particularmente agricultura rural pautei defesa agricultura familiar pequeno produtor rural busca credito dignidade cidadania renegociacao divida agricola vocacao conheco realidade campo filho pequeno produtor tercafeira laerte tetila assinou caixa economica contrato construcao central comercializacao produto agricultura familiar oriundo agricultura familiar prefeitura dourado entrara contrapartida doado hectar implantacao alocado mim orcamento uniao conquista fruto ampla reuniao regional dourado corede central mercado compra venda online visando escoar producao fronteirico construida zona rural entrada colonia agricola dourado icone prova cabal reforma agraria viavel necessaria orgao atendera produtor agricultura familiar compoem corede ficarao responsavel gerenciamento central dotada infraestrutura contando veiculo ressalto inserida individual orcamento uniao prevendo investimento central comercializacao produto agricultura familiar dourado finalizando sinto honrado dignificado construcao individual ogu continuarei defesa agricultura familiar"""
"DEM,""alberto goldman congressista funcionamento mim participo participarei provavelmente grau responsabilidade consciencia finalizando orcamento aproveito cumprimentar convivi especialmente passaram aleluia conduziu magistral passar cumprimento sergio machado ramez tebet orcamento cumprimento aperfeicoado beneficio funcionamento sentirei razao estarao conosco citamo fazelo figura expressiva coser cordial limpa transparente leal mostrando perfeitamente colocarmo acima interesse partidarios interesse afinal responsabilidade legitimo interesse partidarios acima interesse conforme coser cumprimento radical oposicionista realizei excepcional altissimo conosco santo filho participou varias papel preponderante ressalto papel conosco homem soube articular maleavel conduzir direcao resultado positivo esperamo mudanca mudanca implantada melhorem continuemo convivencia ponderado limpo transparente generoso priorizando interesse ultima fase periodo comunicacao congratulome retornarao responsabilidade estarao deixarao saudade encontremo evento"""
"DEM,""vivaldo barbosa congressista reunese habito encerramento tendo orcamento ultima tarefa congressual ultima fechando porta periodo atividade desenrolou quatro congressista desafiado tema preocupam nacao surpreendime precipua orcamento uniao depararme tema esperava apreciado enviado apagar luz objetivo estabelecer concessao exploracao areas florestal predominantemente amazonica enviou regime concessao florestal floresta estadual municipai providencias estudo expresso elaborado ambiente areas objeto concessao representam territorios imenso amazonica mente exploracao riqueza natural propriedade pessoa fisica juridica estrangeira concessao exploracao independentemente propriedade ora regime dominio territorio dominado proprietarios estrangeiro regime concessao permitese exploracao natural ambiental florestal imensa biodiversidade especialmente inesgotavel amazonica imensamente preocupante estudo ambiente frente defesa frente nacionalista manifesto assinado inumero alertar grave ameaca estudo encerravam esperavamo encaminhasse tamanha gravidade objetivo exploracao natural amazonica ultima manifestacao protesto alerta futuro rejeitem natureza proposito objetivo rejeitem concessao terra exploracao multinacional rejeitem colocar mao economico internacional inesgotavel biodiversidade patrimonio humanidade explorada vontade voracidade laboratorios economico multinacional deitar mao imensa reserva biologica natureza patrimonio reservado nacao lancada mao estrangeira especialmente economico internacional atividade frente defesa deixa registrado brado alerta clamor futuro rejeite acate nenhum encaminhamento natureza lesivo danoso arranhao produzirao soberania especialmente dano irreparavel futuro"""
"DEM,""ramez tebet saudo membro sobretudo revendo equipe homenageio figura raimundo carreira claudia lyra privilegio conviver exerci confirmacao indicacao advogado marcio toma basto ocupar justica instalarse repercutiu circulo juridico razao prestigio indicado desfruta seio categoria pertence junto segmento conscientizado civil movimentada banca advogado frente impos admiracao magistratura selecionado cliente titular pasta fadado realizar gestao dinamica fecunda contando chefe nacao entidade representativa opiniao marcio toma basto pautando principios etico inafastavel alcouse oab tendo desempenhado papel consolidacao conquista democratica defesa eminentemente vinculada legitima aspiracao desafio enfrentara testa pasta exigira experiencia tirocinio sobretudo violencia assume indice impressionante reclamando instancias acao vigorosa contenha impeto crescente crime organizado integrante articulam internacionalmente ampliando poderoso raio periculosidade alias imprensa mencao escolha marcio deixou clara intencao deliberada coibir delinq praticada quadrilha ambito internacional tentaculo procuram alcancar nacao america latina pessoalmente tendo pertencido quadro justica convite nelson jobim dimensionar imensa atribuicao aguardam titular resolver precariissima estrutura carceraria ensejado rebeliao apontam fragilidade presidios considerado seguranca maxima encargo atinente defesa direito humano articulacao permanente estadual inserirse rol atividade enfrentar pondo prova energia experiencia alicercou longo tres decada labor constante nevralgica reclama solucao inadiavel impostergavel anuncio oficial cenario sede oab brasilia prova permanente identificacao entidade soube lutar causa incluem reconquista prerrogativa democratica significou epoca aspiracao legitima gente marcio toma basto defrontarsea reforma judiciario cabendolhe executivo contribuir prestacao jurisdicional efetive agil eficaz reclamam demandam justica hierarquias recordo rumoroso dossie ilha cayman inacio silva confiou amigo apontado auxiliar direto escalao missao examinar autenticidade complexa documentacao forjada incriminar autoridade vivencia probidade marcio toma basto desaconselhou honra louvarse expediente arquitetado malevolamente exclusiva intencao comprometer vulto destacado executivo uniao marcio toma basto possui qualificacao idoneidade exercer frente pasta justica gestao proficiente carrochefe defesa inalienavel direito cidadania"""
"PMDB,""alberto esperando consenso complete constante simbolica infelizmente acredito completara"""
"PMDB,""cabo lamentavel infelizmente viramo cabeca admitir conseguir completar lamentavel infelizmente repito policial militar chorando fazendo lobby gabinete gabinete sonho frustrado paciencia empenho admitir chegar fica decepcao moca luta comecar quase cerca mulher beneficiada chorando dizendo nadaram nadaram morreram praia lamentamo encontram mista plano orcamento fiscalizacao quiseram passaram moca pediram afirmaram haviam acontecido viessem rapidamente fizeram quiseram poderiam vir fica registrada decepcao digo fundo coracao classe policial feminina patrulheira chegaremo votante quatro chegando acontece meia meia mim ficaria mes inteiro infelizmente entender faltara votaram atenderam saindo mista plano orcamento fiscalizacao lamentavelmente nadamo nadamo morremo praia"""
"PMDB,""frente liberal cabo julio lamentavel votou taxa iluminacao cheguemo qualificado aprovar justica policial militar abra esperanca cargo frente liberal vi ocorrerem nenhum protestar podese simbolica sobretudo derrotada justificar opiniao acompanha tv ocorreu havendo diplomacao mucio monteiro diplomacao razao diplomacao podese observar quase unico ceara anibal gome luta chegar lamentavel cheguemo desfecho merecedora arquivado poderia arquivado abrisse consubstanciaria necessario deixar fechado caiu insuficiencia continua tramitando normalmente divirja divergencia consultase discordante considerase unanimidade praticamente resolvese salvar"""
"PMDB,""ve vontade aprovar lamentavelmente concordar exigido cabo julio diria soldado sinceridade sinto ficaram aprovar lamentavelmente cumprir precisariamo pedimo compreensao brava companheira soldada validade facilmente derrubada supremo tribunal compreenda"""
"PMDB,""frente liberal alguem ocupou cargo vicepresidente coberto razao atropelar guardiao fizemo encontrarmo concordo totalmente orgulho telo indicado querer ferisse interno rege grandeza conduz sobretudo"""
"PMDB,""cabo explicar policial conhecem rejeitado atingir qualificado considerado veio continua regime abrissemo placar eletronico correriamo risco rejeitado poderiamo desistir parar encerre abrirmo placar rejeitado existem votaram esclarecimento policial"""
"PMDB,""alguem conhece considera aberto abrir significa abrir atingido"""
"PSDB,""marinha raupp data recente moreira mende rondonia ocupou atacar rasteira mentirosa valdir raupp mato exgovernador rondonia eleito pertenco reeleita ultima eleicao valdir raupp esposo conheco personalidade trajetoria baseada solida formacao familiar indiscutivel honradez lamentavel ocupe honrada palanque sobretudo conotacao mesquinha absoluto interesse pessoal atitude desonra creditada desatino destempero conseguiu retornar ultima eleicao valdir raupp conseguiu magnifica moreira mende jamal venceu eleicao veio ocupar vaga destino suplente bianco elegeu pleito reconduzido filho conseguiu elegerse estadual alias filho conseguiu elegerse porto velho eleicao municipai moreira mende ocupava cadeira demonstra inequivoca moreira mende possui respaldo popular desenvolveu prol rondoniense alias homem letrado cheio bela atacou valdir raupp referindose precaria formacao intelectual certo valdir raupp concluir grau cursa faculdade administracao centro ensino unificado brasilia todavia demerito ninguem conquista representante rondonia feita elegeu concluir relembrando cena sabado emocionado eleito inacio silva lagrima olho proferiu frase entrara alguem duvidava torneiro mecanico saido fabrica chegasse provou exatamente acusado diploma superior ganho diploma imagem alta representatividade democracia representa delega defenda lute interesse coletivo busca soberania popular coriolano sale ouvi atentamente referir cooperativismo cooperativa credito rondonia raupp apoiou cooperativa rolim moura valdir raupp promoveu verdadeira organizacao apoiou criacao associacao pequeno produtor associacao providenciou espaco fisico mobiliario colocou disposicao pequeno produtor microempresarios coriolano sale marinha raupp concede aparte marinha raupp prazer excelencia coriolano sale marinha raupp cumprimentoa brilhante ouro preto oeste rondonia convite valdir raupp esposo belissima reuniao dezena tratar expansao cooperativismo credito instrumento serviu rondonia fico feliz cooperativa credito central credito cooperativo integrada banco cooperativo cooperativismo credito crescera veio reuniao dezena dou testemunho interesse valdir raupp economico rondonia saimo daqui banco cooperativo cupula cooperativismo credito darlhe valdir raupp pessoa firme desejo representar defender interesse rondonia eleicao valdir raupp retorno continuar defendendo interesse rondonia marinha raupp coriolano sale rondonia honra telo recebido ocasiao investimento valdir raupp prol necessitada marinha raupp privilegio visitar rondonia valdir raupp exercia proficiencia chefia executivo justica nelson jobim supremo tribunal ilmar galvao recebemo honrosa condecoracao unidade federacao ensejo festividade levada efeito salao tribunal ouviamo exposicao valdir raupp deixava clara intencao cumprimento notavel programacao direcionada unidade federada bemestar gente dai possuida natural indignacao refutar acusacao dirigida exgovernador permitome recolhemo ensejo impressao valdir raupp iniciava administracao auspicios prospera fecunda rondonia testemunho oferecer aparte marinha raupp lembro junto justica valdir raupp governava rondonia nelson jobim resgatar penitenciario infelizmente valdir raupp desmando prejudicado valdir raupp necessidade criar campanha falasse rondonia fale rondonia lema conhecesse rondonia ditadura nomeado prorrogado ficaram passado desejamo relembrar entram cidadao eleito revolta revanchismo magoas derrotado escrupulo encontra moreira mende pregressa pessoa esqueceuse proposito informar acao civil figura reu vara fazenda comarca porto velho rondonia busca ressarcimento erario ato improbidade administrativa escandalo passagem famoso tomar precioso extensa peca apresento copia inicial refiro requerendo transcricao anal remessa envergonha vangloria passado tenta motivo pessoal denegrir imagem cidadao concorrente venceu ultima eleicao abordado referido entendo serem reflexao ansia atacar visando ofuscar brilho conquista popular valdir raupp repito magoas pessoal abandona pseudoformacao juridica figura homem letrado esquecendose principios constitucional contemplado carta magna direito ampla defesa principio contraditorio raupp assumiu prefeitura rolim moura civil criminal eleitoral si crer mentiroso exerceu brilhantismo direcaogeral departamento estrada rodagem rondonia gestao credenciou disputar lembro estrada pavimentada existia der raupp elaborar junto equipe rondonia pudesse estrada asfaltada raupp elegeu epoca porem assistiu assassinato olavo pir concorrente perdido eleicao disputou raupp disputando derrotado perdido eleicao claro eleicao passagem prefeitura rolim moura der reconhecida consagrada refere administrativo tribunal administrador sujeito performance disputa piana tornaria perdido eleicao voltou disputar assassinato olavo pir estabeleceuse adversidade raupp piana moreira mende homem apoiou piana ocupou secretaria administracao piana moreira mende reconhecido pior rondonia piana candidato obteve mulher helia piana candidata cargo eleicao obteve jamal voltarao eleita resposta merecem moreira mende pertence defende desgoverno piana apoiado moreira mende aumento funcionalismo vespera deixar retroativo vitoria valdir raupp eleicao entretanto malsinado efetuou pagamento folha funcionarios referente decimo salario significou montante folha pagamento raupp assumiu banco dificilima estando atraso folha pessoal compromisso fornecedor mes prioridade colocar folha pagamento socorreuse antecipacao receita orcamentarias aro compromisso folha pessoal moreira mende irresponsabilidade insensatez utilizar aro injetar combalido banco terminal administracao pianamoreira mende raupp optou direito compromisso pai familia ajudaram construir rondonia lembrome moreira mende alerta banco registrava patrimonio liquido negativo ledo engano rombo entanto justifica equipe alocou orcamento salvar banco ora sabido financeiro mister afundar combalido banco equipe piana apoiado moreira mende audacia irresponsabilidade deixar saldo devedor valdir raupp salvar banco mantelo funcionamento garantindo emprego direto indireto fomento acao governamental ressalto banco direcao duarte ocorreu intervencao banco central instalandose regime administracao temporaria raet perdurou ora moreira mende seguidor culpar valdir raupp intervencao quebra banco direcao estadual exato cinq renegociacao divida aderiu reestruturacao proposto intermedio convertida incluindose rondonia passivo banco passou crivo economico epoca bianco trabalhou aprovar resolucao renegociacao ernande amorim odacir soar deram aval entenderam rondonia isolada valdir raupp tomada conjunto nomeacao duarte experimentado funcionario banco banco rondonia beron atendeu criterios puramente tecnico ocupava alto cargo bancaria ambito rondonia superintendente banco porem episodio descrito sub judice dispensa comentarios distribuicao peixe santa raupp durou quatro gestao familias carente contemplada ajuda gerava emprego renda pescador convidada conhecer colonia pescador vi frigorifico estocado milhar peixe pescador pegavam utilizandose barquinho madeira queriam sobrevivencia sustento familia moreira mende preocupacao conhece desenvolvido familias assistida aquisicao frango secretaria educacao superfaturamento denunciado documento jornal epoca atestam valdir raupp tomou providencias cabivel requeria demitindo equipe remetendo procedimento cabe executivo dando conhecimento imprensa referiu central eletrica rondonia ceron citou exgovernador valdir raupp determinou incontinenti apuracao intermedio procuradoriageral consta auto condenacao episodio falacia estranhamente juiz direito manteve concluso gabinete prolatou sentenca eleicao justica jurisdicao duplo grau moreira mende renega justamente sentenca condenatorias contenham injustica prejuizo cidadao possam reparada corrigida instancia superior advogado valdir raupp interpuseram mostram erro contido conducao malsinado entendido direito basta ler sentenca perceber peca fundamento tecnico juridico referido grau tribunal justica recebeu instancia absolvicao valdir raupp tomo liberdade apresentar copia ministerial fiel transcricao tribunal uniao procedem acusacao apresento ato certidao negativa tcu igualmente transcrita prova cabal mentira mentira deslavada moreira mende refere inumero penal valdir raupp dizendo procura empurralo barriga alcancar prescricao valdir raupp tramitam celeridade jamal detectada justica compreensao ocupei responder ataque moreira mende honra pessoa furia desmedida associada leviandade busca minuto fama tenta destruir honra alheia escreveu brilhante professor criminalista leonardo isaac jornal infelizmente agem mariposa conseguem afastar luz holofote camera limpida tvs procurado conclusao cometer tamanha insensatez ademal pessoa atacada futuro compromisso avido realizar prol rondonia valdir raupp rondonia conducao representa reconhecimento excelente desempenhou eleitor poderiam ficar resposta consagrada casal honradez deixamo familia filho procuramo atencao eleitor dedicamo prol rondonia elegeu valdir raupp reelegeu esposa marinha raupp eleitor acreditam continuar trabalhando querida rondonia autorize comunicacao ouco poderia ficar apatico rigor mostrar opiniao realidade rondonia proferido causa repercussao defesa traz opiniao marinha raupp marinha raupp ilustre aparte acima fe acreditando equivale trabalharmo elegeu proposito valdir raupp rondonia marinha raupp documento encaminhado dirigido secretaria devida providencias marinha raupp documento refere oradora"""
"PSDB,""venho externar preocupacao destino comunicacao leio jornal noticia superior tribunal justica suspendeu acordao tribunal justica paraiba decretou falencia telemar norte leste sa terra pernambuco telemar rompeu abruptamente contrato prestacao atendimento fornece informacao telefonico pratica significa auxiliar consumidor telefone assinante informador pernambuco prestava exemplar eficiencia satisfacao consumidor quase percentual realmente elevado demonstra otima recebia telemar interessada lucro preferiu encerrar terceirizado descontentamento elevouse consumidor pernambucano prejudicado mantida operacional privatizacao vantagem desvantagem alarmante telemar atendido consumidor merecem quantidade reclamacao assustadora queixa param chegar gabinete vinda diferente site criado internet responsabilidade assinante preterido direito cobrada duplicidade linha consertada legal prestado cobrado consumidor negativado serem devedor agravando site internet reclamando prestado telemar tornando febre pernambuco dado mao telemar phanardzi ancora luz morador friburgo resolvi construir site indignado telemar sa motivo protestando afetam pessoalmente causa dano causado coletividade incluo cidadao chegamo nenhum sozinho vejo chegado unirse tirada concessao telemar telefonia fixa prestado sido insatisfacao popular telemar verificado juizado comarca pernambuco consumidor cansado maltratado passado tra telemar recordista reclamacao procon pernambucano interior repete causa conduta privatizacao telefonia desacreditada devido pessimo costume generalizacao sentemse ofendido pratica abusiva razao aceitam pagar ligacao feita cobranca antiga sinceramente apoiaram privatizacao formador opiniao arrependo estatal cabide emprego davam prejuizo nacao engessada constituicao superprotegia funcionario pagava pobre telefone alias memoria curta tra maraja antiga dinobr mafia locador linha telefonica beneficiavam graca procura existente mercado ideia privatizacao excelente henrique cometeu equivoco vendido patrimonio toque caixa pudesse controle utilidade agencia telecomunicacao anatel pleno atuar orgao limitado sofre pressao deixa desejar bemestar ficamo submetido ditadura economico pratica ditado regra conforme interesse mercadologico deixamo monopolio estatal ficar preso monopolio privado telemar correspondido anseios pernambucana atua inumero causado destacar referese cobranca indevida telemar cobranca ligacao feita acontecia estatal telefonia cessou acontecer alias assistimo aumento acontece consumidor acabam reagindo aborrecer tendo comparecer audiencias judicial desconhecem direito inscrito protecao credito inadimplente disso telemar cobrou culpa deixou cobrar certo instalacao linha telefonica telemar estipulado instalacao morador localidade zona rural esperando atendido acontecido periferia viver aluguel jamal contar telefone chega precisam mudar residencia solicitacao linha telefonica cadastrada pessoa oferecesse contato ora viu usuario telecomunicacao parente vizinho chefe vi telemar desobedeceu sentenca judicial determinava instalacao linha bastassem acao vandalo marginal destroem causa irritacao telefone defeito orelhao ar tecla existem engolem cartao volume impedindo comunicacao sinceramente pior pobre comprar cartao maquininha venda automatica receber produto absurdo tremenda consideracao pagam imposto telefone precisam cidadao ilustre alto executivo telemar realmente continuar feita imediato duradoura saneadora precisam tomada solucao auditoria telemar pudesse verificar cumprido fielmente contrato concessao devemse procurar brecha garantam suspensao contrato inumera correspondencias reclamacao venho recebendo gabinete proponha telemar encampada ocorra basta haver vontade forte clamor popular precisa respeitar consumidor cliente prestado telefonia instalada ampliacao quantitativa telemar abandonou quesito busca caixa prestador sido sacrificado informador pernambuco diferente telemar correspondencia enderecada informador pernambuco prestava consumidor pernambuco paraiba norte seguinte observacao informador pernambuco ltda att aladim cordeiro av cruz cabuga santo amaro recifepe ref reducao temporaria faturamento prezado anterior referente contrato firmado datado prestacao atendimento chamada auxilio lista estabelecido faturamento mensal temporario preco unitario chamada efetivamente atendida incluindo imposto incidente reduzido $ $ reducao temporaria representa reducao preco contratado diferenca faturamento ressarcida assinatura contrato contrato acima mencionado ficam prorrogado assinado instrumento estabelecerao premissa continuidade prestacao solicitamo faturamento referente mes emitido acima exposto vsa aceitem acima exposto dispensar prestado entretanto telemar renovar contrato pagou atrasado debito gerando falencia titulo protestado telemar serviu instruir falencia ora enormidade titulo protestado especialmente consta falencia telemar telefonia territorio acontecer milhar acao judicial movida forcoso reconhecer agrava incorpora telefonia cerca dezesseiis fios telemar trafega significativa parcela economia internacional calar telemar significa calar comunicacao falencia decretada judiciario restabelecida grave conseq gera necessidade analisar contexto privatizacao ouvido possibilidade instalar inquerito telemar gravidade apreco afirmacao informador pernambuco telemar praticado irregularidade ilegalidade crime precisa analisado admite conivencia irregularidade consta despacho superior tribunal justica suspendeu falencia telemar possibilidade quebradeira telefonia afete mercado acao internacional concluo pedindo atual eleito inacio silva atentem grave afetando significativa pernambuco sacrificada inquerito gravidade implicacao necessidade analisar ocorreu vir ocorrer privatizacao coriolano sale concede aparte satisfacao ouco coriolano sale ilustre alegria continuara mesadiretora cumprimento abordar tema delicado dificuldade enfrentada privatizado cumprimento atividade funcao telefonia reclamo canto induvidosamente avancou privatizacao benefica avancou pequeno telefone cer unidade adicionada afora apesar avancado gerado dificuldade retrata fiel realidade vive atual resolver futuro vejamo conterraneo resolver grave coriolano sale fico envaidecido aparte traz solidariedade contribuicao pessoal telemar defesa pernambucano sofrendo acao correta deveria tratando cliente digna defender telemar poderosa atencao procuram representante pernambucano repercute repercutir envolvida distorcao apontou apurada direcao telemar chegar mao dirige telefonia privada serve ceara cumprir papel cumpra dever servindo usuarios pernambuco autoridade moral registre movimentacao comandam telemar correcao desfavoravel interesse coletivo expectativa espirito exatamente merece jamal veicularia ajustasse rigorosamente dado constatar natal prezado dileto distinguido constante traz concordancia discordancia tema conhece pertinacia constante deixar saudade trouxe ensinamento limiar quarenta aprendi mestre testemunho considerome mero estagiario doutor sobretudo veicular intrinsecamente interessa pernambucano prezado gratificado aparte recebi ilustre coriolano sale tomara providencias necessarias resolucao afinal observamo telemar indiferente tomada anteriormente contrato informador pernambuco demitiu virtude ganancia desejo aumentar faturamento telemar deveria contratada informador pernambuco prestavam utilizam telefonia deixo advertencia espero telemar sensivel corrija funcionarios colocado olho rua passam serias dificuldade absoluta tomara devida providencias telemar cumpra obrigacao junto atenta brilhante repercussao reclamacao nele alinhada vale pena intermediacao direta junto comunicacao corrijam imperfeicao denunciou"""
"PSDB,""coriolano sale rapidamente referencia indicacao rodrigue compor futuro pasta agricultura compartilho aspiracao cooperativismo modo alegria recebemo indicacao possui conhecimento inegavel agrobusiness producao rural conhece profundamente alegria indicacao pessoa talhada exercicio cargo cooperativista milhar receberam alegr indicacao rodrigue compor rodrigue produtor rural qualificacao atributo cooperativista escol linha expoente cooperativismo razao organizacao cooperativa recentemente passado alianca cooperativa internacional aci cargo disputadissimo plano internacional aci organizacao naogovernamental congrega cerca costumamo igreja catolica organizacao representa associada cooperativismo india unido america canada alemanha franca inglaterra berco cooperativismo cooperativa consumo rochedale rodrigue representa unanimidade indicacao eleito trouxe satisfacao agrobusiness producao rural cooperativista conhecem figura brilhante competente cooperativista linha ocupou ocb alianca cooperativa internacional cooperativista membro frente cooperativista manifestar jornal publicam farto material indicacao rodrigue gazeta mercantil jornalista edson costa escrever intitulado cooperativista agricultura relata rapidamente passant trajetoria brilhante rodrigue economica profissional alegria sinceramente amiga rodrigue convivemo cooperativista quatro canto indicacao recebida europa restante conhecem rodrigue alianca cooperativa internacional sede genebra dirigiu razao visitou representando posicionamento cooperativismo areas habil negociador faceta producao rural agricultura pecuaria agroindustria satisfacao rodrigue agricultura dara inumera contribuicao economica abertura cooperativismo credito cumprir funcao ajudara desenvolver prosperar resolver vergonhosa chaga fome pobreza miseria atraso subdesenvolvimento envergonha territorio economias responsavel decima decima economia cerca vivam abaixo linha pobreza miseria credito fechado economia exclui acesso credito fomentar renda saibamo enorme concentracao renda gera desigualdade sido campeao vicecampeao homem estofo etico moral rodrigue contribuira elogiado integrar equipe alguem quilate expressao futuro coriolano sale desejo associarme enaltecimento exercera elevada funcao agricultura rodrigue destacou indicado alcou alianca cooperativa internacional significa transpuseram fronteira alcancaram nacao haver sido escolhido exercer cargo reune cooperativa inteiro associar tributa instante futuro agricultura rodrigue cooperativista porte projecao formulo investido elevada funcao possa ampla fortalecimento exportacao conforme preconiza empossar inacio silva"""
"PSDB,""barbosa neto inauguracao verdadeira arte brasilia ponte juscelino kubitschek chamada ponte vivemo capital ficamo orgulhoso rapidez eficiencia distrito morador apesar temporariamente joaquim roriz sombra muda perfil brasilia empreendedor joaquim roriz luziania estadual vicegovernador goiania brasilia quatro realizar moram brasilia parabenizo distrito pessoa joaquim roriz sensacional modernidade rapidez entregue brasilia pessoa reeleito"""
"PSDB,""barbosa neto iniciarse reportar excepcional acontecimento inauguracao ponte jk ocasiao ouvi manifestacao roriz gontijo responsavel realizou portentoso empreendimento iniciativa mereceu aplauso brilhantemente transmitido improviso entendi dever resido brasilia ocupei sucessivo afirmar iniciativa mostrar inequivoca capacidade empreendedora chefe executivo distrito barbosa neto permitir cometa injustica periodo construcao ponte tadeu filippelli enaltecer participacao apesar realizada determinacao empenho joaquim roriz barbosa neto perfeita sintonia proferi focalizei tadeu filippelli publicar jornal brasilia intitulado horizonte demonstra pleno conhecimento lance principai acompanhou roriz"""
"PSDB,""themistocle sampaio edinho bez emocionado proferido ultima quartafeira bernardo cabral despediuse cumprir incomparavel proficiencia brilhantismo popular conferido natal amazona legitimo interesse serviu exemplar devotamento espirito tendo curriculo alentado profissional haverse alcado advogado cabral considerado causidico padrao destacandose tribunal superior competencia correta exegese legal fundamentava abalizada postulacao atividade exerceu justica adotando providencias inspiracao direito cidadania cabal cumprimento atribuicao pasta aureo projecao notavel desempenho cumprido assembleia constituinte trabalhando infatigavelmente elaboracao fundamental incumbiamo representasse aspirava conjuntura andamento tematica sistematizacao previamente auscultado caberia regimentalmente opinar maneira conclusiva pudesse transformarse dispositivo posterior insercao elaborado meticulosamente anc vicepresidente mesadiretora presidida ulysse guimarao ouvi saudoso direta referencias encomiastica fecundo afa bernardo cabral orientar escoimala eiva inconstitucionalidade distanciamento interesse ensejo constante acirrado movimentaram assembleia constituinte buscava sugestao perfeitamente viavel redefinir encaminhamento aproveitando parcial integralmente inovacao sugerida historica fase institucional escolhido expressiva preste findar representar conterraneos bernardo cabral trazia consigo ferrea disposicao continuidade labor incessante prol aspiracao fazendoo pleno conhecimento causa merecendo indiscrepante par pontificou razao cultura juridica sensibilidade comprovada trazendo si inumera responsabilidade relatar tema polemico formular erudito desafiavam contestacao recordome sabatina nela submetido nelson azevedo jobim indicado compor supremo tribunal bernardo conduziu inquiricao incomparavel mestria abrindo espaco indicado expendesse abalizada consideracao pergunta formulada membro ccj identificandose notavel juridico candidato chancelado consagradora unanimidade recentemente debrucado complexa reforma judiciario relatorgeral bernardo cabral mostra notavel talento aproveitando modificacao emanaram interessado garantir celeridade prestacao jurisdicional reputada exigencia basilar segmento conscientizado civil ora antologico bernardo cabral proferido anteontem desejo juntarme imensa legiao apontaram expressao atual geracao homem"""
